Brazil|ABCD. Arquivos Brasileiros de Cirurgia Digestiva (São Paulo)|Arq Bras Cir Dig|ABCD, arq. bras. cir. dig.|abcd|0102-6720|0102-6720|2317-6326|Colégio Brasileiro de Cirurgia Digestiva|by/4.0
Brazil|Acta Amazonica||Acta Amaz.|aa|0044-5967|0044-5967|1809-4392|Instituto Nacional de Pesquisas da Amazônia|by/4.0
Brazil|Acta Botanica Brasilica||Acta Bot. Bras.|abb|0102-3306|0102-3306|1677-941X|Sociedade Botânica do Brasil|by/4.0
Brazil|Acta Cirurgica Brasileira|Acta Cir Bras|Acta Cir. Bras.|acb|0102-8650|0102-8650|1678-2674|Sociedade Brasileira  para o Desenvolvimento da Pesquisa em Cirurgia|by/4.0
Brazil|Acta Limnologica Brasiliensia||Acta Limnol. Bras.|alb|2179-975X|0102-6712|2179-975X|Associação Brasileira de Limnologia|by/4.0
Brazil|Acta Ortopédica Brasileira|Acta Ortop Bras|Acta ortop. bras.|aob|1413-7852|1413-7852|1809-4406|Departamento de Ortopedia e Traumatologia|by/4.0
Brazil|Acta Paulista de Enfermagem||Acta paul. enferm.|ape|0103-2100|0103-2100|1982-0194|Escola Paulista de Enfermagem, Universidade Federal de São Paulo|by/4.0
Brazil|Acta Scientiarum. Agronomy||Acta Sci., Agron.|asagr|1807-8621|1679-9275|1807-8621|Editora da Universidade Estadual de Maringá - EDUEM|by/4.0
Brazil|Acta Scientiarum. Animal Sciences||Acta Sci., Anim. Sci.|asas|1807-8672|1806-2636|1807-8672|Editora da Universidade Estadual de Maringá - EDUEM|by/4.0
Brazil|Afro-Ásia||Afro-Ásia|afro|0002-0591|0002-0591|1981-1411|Universidade Federal da Bahia|by-nc/4.0
Brazil|Alea : Estudos Neolatinos||Alea|alea|1517-106X|1517-106X|1807-0299|Programa de Pos-Graduação em Letras Neolatinas, Faculdade de Letras -UFRJ|by/4.0
Brazil|Alfa : Revista de Linguística (São José do Rio Preto)||Alfa, rev. linguíst. (São José Rio Preto)|alfa|1981-5794|0002-5216|1981-5794|Universidade Estadual Paulista Júlio de Mesquita Filho|by/4.0
Brazil|Almanack||Almanack|alm|2236-4633||2236-4633|Universidade Federal de São Paulo - UNIFESP|by/4.0
Brazil|Ambiente & Sociedade||Ambient. soc.|asoc|1414-753X|1414-753X|1809-4422|ANPPAS - Revista Ambiente e Sociedade|by-nc/4.0
Brazil|Ambiente Construído||Ambient. constr.|ac|1678-8621|1415-8876|1678-8621|Associação Nacional de Tecnologia do Ambiente Construído - ANTAC|by/4.0
Brazil|Anais Brasileiros de Dermatologia|An Bras Dermatol|An. Bras. Dermatol.|abd|0365-0596|0365-0596|1806-4841|Sociedade Brasileira de Dermatologia|by-nc/4.0
Brazil|Anais da Academia Brasileira de Ciências|An Acad Bras Cienc|An. Acad. Bras. Ciênc.|aabc|0001-3765|0001-3765|1678-2690|Academia Brasileira de Ciências|by/4.0
Brazil|Anais da Escola Superior de Agricultura Luiz de Queiroz||An. Esc. Super. Agric. Luiz de Queiroz|aesalq|0071-1276|0071-1276|2316-8935|Universidade de São Paulo; Escola Superior de Agricultura|by-nc/4.0
Brazil|Anais da Sociedade Entomológica do Brasil||An. Soc. Entomol. Bras.|aseb|0301-8059|0301-8059|1981-5328|Sociedade Entomológica do Brasil|by-nc/4.0
Brazil|Anais do Museu Paulista: História e Cultura Material||An. mus. paul.|anaismp|0101-4714|0101-4714|1982-0267|Museu Paulista, Universidade de São Paulo|by/4.0
Brazil|Archives of Clinical Psychiatry (São Paulo)||Arch. Clin. Psychiatry (São Paulo)|rpc|0101-6083|0101-6083|1806-938X|Faculdade de Medicina da Universidade de São Paulo|by/4.0
Brazil|Archives of Endocrinology and Metabolism|Arch Endocrinol Metab|Arch. Endocrinol. Metab.|aem|2359-3997|2359-3997|2359-4292|Sociedade Brasileira de Endocrinologia e Metabologia|by/4.0
Brazil|Arquivo Brasileiro de Medicina Veterinária e Zootecnia||Arq. Bras. Med. Vet. Zootec.|abmvz|0102-0935|0102-0935|1678-4162|Universidade Federal de Minas Gerais, Escola de Veterinária|by/4.0
Brazil|Arquivos Brasileiros de Cardiologia|Arq Bras Cardiol|Arq. Bras. Cardiol.|abc|0066-782X|0066-782X|1678-4170|Sociedade Brasileira de Cardiologia - SBC|by/4.0
Brazil|Arquivos Brasileiros de Endocrinologia & Metabologia|Arq Bras Endocrinol Metabol.|Arq Bras Endocrinol Metab|abem|0004-2730|0004-2730|1677-9487|Sociedade Brasileira de Endocrinologia e Metabologia|by-nc/4.0
Brazil|Arquivos Brasileiros de Oftalmologia|Arq Bras Oftalmol|Arq. Bras. Oftalmol.|abo|0004-2749|0004-2749|1678-2925|Conselho Brasileiro de Oftalmologia|by/4.0
Brazil|Arquivos de Gastroenterologia|Arq Gastroenterol|Arq. Gastroenterol.|ag|0004-2803|0004-2803|1678-4219|Instituto Brasileiro de Estudos e Pesquisas de Gastroenterologia - IBEPEGE; Colégio Brasileiro de Cirurgia Digestiva - CBCD; Sociedade Brasileira de Motilidade Digestiva - SBMD; Federação Brasileira de Gastroenterologia - FBG; Sociedade Brasileira de Hepatologia - SBH; Sociedade Brasileira de Endoscopia Digestiva - SOBED|by-nc/4.0
Brazil|Arquivos de Neuro-Psiquiatria|Arq Neuropsiquiatr|Arq. Neuro-Psiquiatr.|anp|0004-282X|0004-282X|1678-4227|Academia Brasileira de Neurologia - ABNEURO|by/4.0
Brazil|Arquivos do Instituto Biológico||Arq. Inst. Biol.|aib|1808-1657|0020-3653|1808-1657|Instituto Biológico|by/4.0
Brazil|Arquivos Internacionais de Otorrinolaringologia||Arquivos Int. Otorrinolaringol.|aio|1809-4872|1809-4872|1809-4856|Fundação Otorrinolaringologia|by-nc/4.0
Brazil|ARS (São Paulo)||ARS (São Paulo)|ars|1678-5320|1678-5320|2178-0447|Escola de Comunicações e Artes da Universidade de São Paulo|by-nc/4.0
Brazil|Audiology - Communication Research||Audiol., Commun. Res.|acr|2317-6431||2317-6431|Academia Brasileira de Audiologia|by-nc/4.0
Brazil|Avaliação: Revista da Avaliação da Educação Superior (Campinas)||Avaliação (Campinas)|aval|1414-4077|1414-4077|1982-5765|Universidade de Sorocaba|by-nc/4.0
Brazil|Bakhtiniana: Revista de Estudos do Discurso||Bakhtiniana, Rev. Estud. Discurso|bak|2176-4573||2176-4573|LAEL/PUC-SP (Programa de Estudos Pós-Graduados em Linguística Aplicada e Estudos da Linguagem da Pontifícia Universidade Católica de São Paulo)|by/4.0
Brazil|BAR - Brazilian Administration Review||BAR, Braz. Adm. Rev.|bar|1807-7692||1807-7692| ANPAD - Associação Nacional de Pós-Graduação e Pesquisa em Administração|by/4.0
Brazil|Biota Neotropica||Biota Neotrop.|bn|1676-0603|1678-6424|1676-0611|Instituto Virtual da Biodiversidade | BIOTA - FAPESP|by/4.0
Brazil|Bolema: Boletim de Educação Matemática||Bolema|bolema|0103-636X|0103-636X|1980-4415|UNESP - Universidade Estadual Paulista, Pró-Reitoria de Pesquisa; Programa de Pós-Graduação em Educação Matemática|by/4.0
Brazil|Boletim de Ciências Geodésicas||Bol. Ciênc. Geod.|bcg|1982-2170|1413-4853|1982-2170|Universidade Federal do Paraná|by/4.0
Brazil|Boletim do Instituto Oceanográfico||Bol. Inst. Oceanogr.|bioce|0373-5524|0373-5524||Instituto Oceanográfico da Universidade de São Paulo|by-nc/4.0
Brazil|Boletim do Instituto Paulista de Oceanografia||Bol. Inst. Paul. Oceanogr.|bipoce|0100-4239|0100-4239||Instituto Oceanográfico da Universidade de São Paulo|by-nc/4.0
Brazil|Boletim do Museu Paraense Emílio Goeldi. Ciências Humanas||Bol. Mus. Para. Emílio Goeldi. Ciênc. hum.|bgoeldi|1981-8122|1981-8122|2178-2547|MCTI/Museu Paraense Emílio Goeldi|by/4.0
Brazil|Bragantia||Bragantia|brag|0006-8705|0006-8705|1678-4499|Instituto Agronômico de Campinas|by/4.0
Brazil|Brazilian Archives of Biology and Technology||Braz. arch. biol. technol.|babt|1516-8913|1516-8913|1678-4324|Instituto de Tecnologia do Paraná - Tecpar|by-nc/4.0
Brazil|Brazilian Dental Journal|Braz Dent J|Braz. Dent. J.|bdj|0103-6440|0103-6440|1806-4760|Fundação Odontológica de Ribeirão Preto|by/4.0
Brazil|Brazilian Journal of Biology|Braz J Biol|Braz. J. Biol.|bjb|1519-6984|1519-6984|1678-4375|Instituto Internacional de Ecologia|by/4.0
Brazil|Brazilian Journal of Botany||Braz. J. Bot.|rbb|0100-8404|0100-8404|1806-9959|Sociedade Botânica de São Paulo|by-nc/4.0
Brazil|Brazilian Journal of Cardiovascular Surgery|Braz J Cardiovasc Surg|Braz. J. Cardiovasc. Surg.|rbccv|0102-7638|0102-7638|1678-9741|Sociedade Brasileira de Cirurgia Cardiovascular|by/4.0
Brazil|Brazilian Journal of Chemical Engineering||Braz. J. Chem. Eng.|bjce|0104-6632|0104-6632|1678-4383|Brazilian Society of Chemical Engineering|by/4.0
Brazil|Brazilian Journal of Food Technology||Braz. J. Food Technol.|bjft|1981-6723|1516-7275|1981-6723|Instituto de Tecnologia de Alimentos - ITAL|by/4.0
Brazil|Brazilian Journal of Genetics||Braz. J. Genet.|bjg|0100-8455|0100-8455|1678-4502|Sociedade Brasileira de Genética|by-nc/4.0
Brazil|Brazilian Journal of Geology||Braz. J. Geol.|bjgeo|2317-4889|2317-4889|2317-4692|Sociedade Brasileira de Geologia|by/4.0
Brazil|Brazilian Journal of Infectious Diseases|Braz J Infect Dis|Braz J Infect Dis|bjid|1413-8670|1413-8670|1678-4391|Brazilian Society of Infectious Diseases|by-nc-nd/4.0
Brazil|Brazilian Journal of Medical and Biological Research|Braz J Med Biol Res|Braz J Med Biol Res|bjmbr|0100-879X|0100-879X|1414-431X|Associação Brasileira de Divulgação Científica|by/4.0
Brazil|Brazilian Journal of Microbiology|Braz J Microbiol|Braz. J. Microbiol.|bjm|1517-8382|1517-8382|1678-4405|Sociedade Brasileira de Microbiologia|by-nc/4.0
Brazil|Brazilian Journal of Oceanography||Braz. j. oceanogr.|bjoce|1679-8759|1679-8759|1982-436X|Universidade de São Paulo, Instituto Oceanográfico|by/4.0
Brazil|Brazilian Journal of Oral Sciences||Braz. J. Oral Sci.|bjos|1677-3225|1677-3217|1677-3225|Faculdade de Odontologia de Piracicaba - UNICAMP|by/4.0
Brazil|Brazilian Journal of Otorhinolaryngology|Braz J Otorhinolaryngol|Braz. j. otorhinolaryngol.|bjorl|1808-8694|1808-8694|1808-8686|Associação Brasileira de Otorrinolaringologia e Cirurgia Cervicofacial|by/4.0
Brazil|Brazilian Journal of Pharmaceutical Sciences||Braz. J. Pharm. Sci.|bjps|1984-8250|1984-8250|2175-9790|Universidade de São Paulo, Faculdade de Ciências Farmacêuticas|by/4.0
Brazil|Brazilian Journal of Physical Therapy|Braz J Phys Ther|Braz. J. Phys. Ther.|rbfis|1413-3555|1413-3555|1809-9246|Associação Brasileira de Pesquisa e Pós-Graduação em Fisioterapia|by/4.0
Brazil|Brazilian Journal of Physics||Braz. J. Phys.|bjp|0103-9733|0103-9733|1678-4448|Sociedade Brasileira de Física|by-nc/4.0
Brazil|Brazilian Journal of Plant Physiology||Braz. J. Plant Physiol.|bjpp|1677-0420|1677-0420|1677-9452|Brazilian Journal of Plant Physiology|by-nc/4.0
Brazil|Brazilian Journal of Veterinary Research and Animal Science||Braz. J. Vet. Res. Anim. Sci.|bjvras|1413-9596|1413-9596|1678-4456|Faculdade de Medicina Veterinária e Zootecnia / Universidade de São Paulo|by-nc/4.0
Brazil|Brazilian Oral Research|Braz Oral Res|Braz. oral res.|bor|1806-8324|1806-8324|1807-3107|Sociedade Brasileira de Pesquisa Odontológica - SBPqO|by/4.0
Brazil|Brazilian Political Science Review||Bras. Political Sci. Rev.|bpsr|1981-3821||1981-3821|Associação Brasileira de Ciência Política|by-nc/4.0
Brazil|Caderno CRH||Cad. CRH|ccrh|0103-4979|0103-4979|1983-8239|Universidade Federal da Bahia - Faculdade de Filosofia e Ciências Humanas - Centro de Recursos Humanos|by/4.0
Brazil|Caderno de Estudos||Cad. estud.|cest|1413-9251|1413-9251|2316-8943|Fundação Instituto de Pesquisas Contábeis, Atuariais e Financeiras|by-nc/4.0
Brazil|Cadernos CEDES||Cad. CEDES|ccedes|0101-3262|0101-3262|1678-7110|Centro de Estudos Educação e Sociedade|by-nc/4.0
Brazil|Cadernos de Pesquisa||Cad. Pesqui.|cp|0100-1574|0100-1574|1980-5314|Fundação Carlos Chagas|by-nc/4.0
Brazil|Cadernos de Saúde Pública|Cad Saude Publica|Cad. Saúde Pública|csp|0102-311X|0102-311X|1678-4464|Escola Nacional de Saúde Pública Sergio Arouca, Fundação Oswaldo Cruz|by/4.0
Brazil|Cadernos EBAPE.BR||Cad. EBAPE.BR|cebape|1679-3951||1679-3951|Fundação Getulio Vargas, Escola Brasileira de Administração Pública e de Empresas|by/4.0
Brazil|Cadernos Metrópole||Cad. Metrop.|cm|2236-9996|1517-2422|2236-9996|EDUC - Editora da Pontifícia Universidade Católica de São Paulo|by/4.0
Brazil|Cadernos Nietzsche||Cad. Nietzsche|cniet|2316-8242|1413-7755|2316-8242|Grupo de Estudos Nietzsche|by-nc/4.0
Brazil|Cadernos Pagu||Cad. Pagu|cpa|0104-8333|0104-8333|1809-4449|Núcleo de Estudos de Gênero - Pagu|by-nc/4.0
Brazil|Cadernos Saúde Coletiva||Cad. saúde colet.|cadsc|1414-462X|1414-462X|2358-291X|Instituto de Estudos em Saúde Coletiva da Universidade Federal do Rio de Janeiro|by/4.0
Brazil|CERNE||CERNE|cerne|0104-7760|0104-7760|2317-6342|UFLA - Universidade Federal de Lavras|by/4.0
Brazil|Cerâmica||Cerâmica|ce|0366-6913|0366-6913|1678-4553|Associação Brasileira de Cerâmica|by-nc/4.0
Brazil|Ciência & Educação (Bauru)||Ciênc. educ. (Bauru)|ciedu|1516-7313|1516-7313|1980-850X|Programa de Pós-Graduação em Educação para a Ciência, Universidade Estadual Paulista (UNESP), Faculdade de Ciências, campus de Bauru.|by/4.0
Brazil|Ciência & Saúde Coletiva|Cien Saude Colet|Ciênc. saúde coletiva|csc|1413-8123|1413-8123|1678-4561|ABRASCO - Associação Brasileira de Saúde Coletiva|by/4.0
Brazil|Ciência Animal Brasileira||Ciênc. anim. bras.|cab|1809-6891|1518-2797|1809-6891|Universidade Federal de Goiás|by/4.0
Brazil|Ciência da Informação||Ci. Inf.|ci|0100-1965|0100-1965|1518-8353|IBICT|by-nc/4.0
Brazil|Ciência e Agrotecnologia||Ciênc. agrotec.|cagro|1413-7054|1413-7054|1981-1829|Editora da Universidade Federal de Lavras|by/4.0
Brazil|Ciência Florestal||Ciênc. Florest.|cflo|1980-5098|0103-9954|1980-5098|Universidade Federal de Santa Maria|by-nc/4.0
Brazil|Ciência Rural||Cienc. Rural|cr|0103-8478|0103-8478|1678-4596|Universidade Federal de Santa Maria|by/4.0
Brazil|Clinics|Clinics (Sao Paulo)|Clinics|clin|1807-5932|1807-5932|1980-5322|Faculdade de Medicina / USP|by/4.0
Brazil|CoDAS|Codas|CoDAS|codas|2317-1782||2317-1782|Sociedade Brasileira de Fonoaudiologia|by/4.0
Brazil|Coluna/Columna||Coluna/Columna|coluna|1808-1851|1808-1851|2177-014X|Sociedade Brasileira de Coluna|by/4.0
Brazil|Computational & Applied Mathematics||Comput. Appl. Math.|cam|1807-0302|2238-3603|1807-0302|Sociedade Brasileira de Matemática Aplicada e Computacional|by-nc/4.0
Brazil|Contexto Internacional||Contexto int.|cint|0102-8529|0102-8529|1982-0240|Pontifícia Universidade Católica do Rio de Janeiro, Instituto de Relações Internacionais|by-nc/4.0
Brazil|Crop Breeding and Applied Biotechnology||Crop Breed. Appl. Biotechnol.|cbab|1984-7033|1518-7853|1984-7033|Crop Breeding and Applied Biotechnology|by/4.0
Brazil|Dados||Dados|dados|0011-5258|0011-5258|1678-4588|Instituto de Estudos Sociais e Políticos (IESP) da Universidade do Estado do Rio de Janeiro (UERJ)|by-nc/4.0
Brazil|DELTA: Documentação de Estudos em Lingüística Teórica e Aplicada||DELTA|delta|0102-4450|0102-4450|1678-460X|Pontifícia Universidade Católica de São Paulo - PUC-SP|by/4.0
Brazil|Dementia & Neuropsychologia||Dement. neuropsychol.|dn|1980-5764|1980-5764||Associação de Neurologia Cognitiva e do Comportamento|by/4.0
Brazil|Dental Press Journal of Orthodontics|Dental Press J Orthod|Dental Press J. Orthod.|dpjo|2176-9451|2176-9451|2177-6709|Dental Press International|by/4.0
Brazil|Eclética Química||Eclet. Quím.|eq|0100-4670|0100-4670|1678-4618|Fundação Editora da Universidade Estadual Paulista Júlio de Mesquita Filho - UNESP|by-nc/4.0
Brazil|Economia Aplicada||Econ. Apl.|ecoa|1413-8050|1413-8050|1980-5330|Faculdade de Economia, Administração e Contabilidade de Ribeirão Preto da Universidade de São Paulo|by-nc/4.0
Brazil|Economia e Sociedade||Econ. soc.|ecos|0104-0618|0104-0618|1982-3533|Instituto de Economia da Universidade Estadual de Campinas|by/4.0
Brazil|Educar em Revista||Educ. rev.|er|0104-4060|0104-4060|1984-0411|Setor de Educação da Universidade Federal do Paraná|by/4.0
Brazil|Educação & Realidade||Educ. Real.|edreal|2175-6236|0100-3143|2175-6236|Universidade Federal do Rio Grande do Sul - Faculdade de Educação|by/4.0
Brazil|Educação & Sociedade||Educ. Soc.|es|0101-7330|0101-7330|1678-4626|Centro de Estudos Educação e Sociedade - Cedes|by-nc/4.0
Brazil|Educação e Pesquisa||Educ. Pesqui.|ep|1517-9702|1517-9702|1678-4634|Faculdade de Educação da Universidade de São Paulo|by-nc/4.0
Brazil|Educação em Revista||Educ. rev.|edur|0102-4698|0102-4698|1982-6621|Faculdade de Educação da Universidade Federal de Minas Gerais|by/4.0
Brazil|Einstein (São Paulo)|Einstein (Sao Paulo)|Einstein (São Paulo)|eins|1679-4508|1679-4508|2317-6385|Instituto Israelita de Ensino e Pesquisa Albert Einstein|by/4.0
Brazil|Engenharia Agrícola||Eng. Agríc.|eagri|0100-6916|0100-6916|1809-4430|Associação Brasileira de Engenharia Agrícola|by/4.0
Brazil|Engenharia Sanitaria e Ambiental||Eng. Sanit. Ambient.|esa|1413-4152|1413-4152|1809-4457|Associação Brasileira de Engenharia Sanitária e Ambiental - ABES|by/4.0
Brazil|Ensaio Pesquisa em Educação em Ciências (Belo Horizonte)||Ens. Pesqui. Educ. Ciênc. (Belo Horizonte)|epec|1983-2117|1415-2150|1983-2117|Faculdade de Educação da Universidade Federal de Minas Gerais|by-nc/4.0
Brazil|Ensaio: Avaliação e Políticas Públicas em Educação||Ensaio: aval.pol.públ.Educ.|ensaio|0104-4036|0104-4036|1809-4465|Fundação CESGRANRIO|by-nc/4.0
Brazil|Entomología y Vectores||Entomol. vectores|ev|0328-0381|0328-0381|1980-5349|Editora Gama Filho|by-nc/4.0
Brazil|Epidemiologia e Serviços de Saúde||Epidemiol. Serv. Saúde|ress|2237-9622|1679-4974|2237-9622|Secretaria de Vigilância em Saúde - Ministério da Saúde do Brasil|by-nc/4.0
Brazil|Escola Anna Nery||Esc. Anna Nery|ean|1414-8145|1414-8145|2177-9465|Universidade Federal do Rio de Janeiro|by/4.0
Brazil|Estudos Afro-Asiáticos||Estud. afro-asiát.|eaa|0101-546X|0101-546X|1678-4650|Universidade Cândido Mendes|by-nc/4.0
Brazil|Estudos Avançados||Estud. av.|ea|0103-4014|0103-4014|1806-9592|Instituto de Estudos Avançados da Universidade de São Paulo|by-nc/4.0
Brazil|Estudos de Literatura Brasileira Contemporânea||Estud. Lit. Bras. Contemp.|elbc|2316-4018|1518-0158|2316-4018|Grupo de Estudos em Literatura Brasileira Contemporânea; Programa de Pós-Graduação em Literatura da Universidade de Brasília (UnB)|by-nc/4.0
Brazil|Estudos de Psicologia (Campinas)||Estud. psicol. (Campinas)|estpsi|0103-166X|0103-166X|1982-0275|Programa de Pós-Graduação em Psicologia, Pontifícia Universidade Católica de Campinas|by/4.0
Brazil|Estudos de Psicologia (Natal)||Estud. psicol. (Natal)|epsic|1413-294X|1413-294X|1678-4669|Programa de Pós-graduação em Psicologia, Universidade Federal do Rio Grande do Norte|by/4.0
Brazil|Estudos Econômicos (São Paulo)||Estud. Econ.|ee|0101-4161|0101-4161|1980-5357|Faculdade de Economia, Administração e Contabilidade da Universidade de São Paulo (FEA-USP)|by-nc/4.0
Brazil|Estudos Históricos (Rio de Janeiro)||Estud. hist. (Rio J.)|eh|0103-2186|0103-2186|2178-1494|Centro de Pesquisa e Documentação de História Contemporânea do Brasil da Fundação Getúlio Vargas|by/4.0
Brazil|Fisioterapia e Pesquisa||Fisioter. Pesqui.|fp|1809-2950|1809-2950|2316-9117|Universidade de São Paulo|by/4.0
Brazil|Fisioterapia em Movimento||Fisioter. mov.|fm|0103-5150|0103-5150|1980-5918|Pontifícia Universidade Católica do Paraná|by/4.0
Brazil|Fitopatologia Brasileira||Fitopatol. bras.|fb|0100-4158|0100-4158|1678-4677|Sociedade Brasileira de Fitopatologia|by-nc/4.0
Brazil|Floresta e Ambiente||Floresta Ambient.|floram|2179-8087|1415-0980|2179-8087|Instituto de Florestas da Universidade Federal Rural do Rio de Janeiro|by/4.0
Brazil|Food Science and Technology (Campinas)||Food Sci. Technol (Campinas)|cta|0101-2061|0101-2061|1678-457X|Sociedade Brasileira de Ciência e Tecnologia de Alimentos|by/4.0
Brazil|Fractal : Revista de Psicologia||Fractal, Rev. Psicol.|fractal|1984-0292||1984-0292|Universidade Federal Fluminense, Departamento de Psicologia|by/4.0
Brazil|Galáxia (São Paulo)||Galáxia (São Paulo)|gal|1982-2553|1519-311X|1982-2553|Programa de Estudos Pós-graduados em Comunicação e Semiótica - PUC-SP|by/4.0
Brazil|Genetics and Molecular Biology|Genet Mol Biol|Genet. Mol. Biol.|gmb|1415-4757|1415-4757|1678-4685|Sociedade Brasileira de Genética|by/4.0
Brazil|Gestão & Produção||Gest. Prod.|gp|0104-530X|0104-530X|1806-9649|Universidade Federal de São Carlos|by/4.0
Brazil|História (São Paulo)||História|his|0101-9074|0101-9074|1980-4369|Universidade Estadual Paulista Julio de Mesquita Filho|by/4.0
Brazil|História da Educação||Hist. Educ.|heduc|2236-3459|1414-3518|2236-3459|Associação Sul-Rio-Grandense de Pesquisadores em História da Educação|by/4.0
Brazil|História, Ciências, Saúde-Manguinhos|Hist Cienc Saude Manguinhos|Hist. cienc. saude-Manguinhos|hcsm|0104-5970|0104-5970|1678-4758|Casa de Oswaldo Cruz, Fundação Oswaldo Cruz|by/4.0
Brazil|Hoehnea||Hoehnea|hoehnea|2236-8906|0073-2877|2236-8906|Instituto de Botânica|by/4.0
Brazil|Horizontes Antropológicos||Horiz. antropol.|ha|0104-7183|0104-7183|1806-9983|Programa de Pós-Graduação em Antropologia Social - IFCH-UFRGS|by/4.0
Brazil|Horticultura Brasileira||Hortic. Bras.|hb|0102-0536|0102-0536|1806-9991|Associação Brasileira de Horticultura|by/4.0
Brazil|Iheringia. Série Zoologia||Iheringia, Sér. Zool.|isz|0073-4721|0073-4721|1678-4766|Fundação Zoobotânica do Rio Grande do Sul|by/4.0
Brazil|Ilha do Desterro||Ilha Desterro|ides|2175-8026|0101-4846|2175-8026|Universidade Federal de Santa Catarina|by/4.0
Brazil|Interações (Campo Grande)||Interações (Campo Grande)|inter|1518-7012|1518-7012|1984-042X|Universidade Católica Dom Bosco|by/4.0
Brazil|Intercom: Revista Brasileira de Ciências da Comunicação||Intercom, Rev. Bras. Ciênc. Comun.|interc|1809-5844|1809-5844|1980-3508|Sociedade Brasileira de Estudos Interdisciplinares da Comunicação (INTERCOM)|by-nc/4.0
Brazil|Interface - Comunicação, Saúde, Educação||Interface (Botucatu)|icse|1414-3283|1414-3283|1807-5762|UNESP|by/4.0
Brazil|International Archives of Otorhinolaryngology||Int. Arch. Otorhinolaryngol.|iao|1809-4864|1809-9777|1809-4864|Fundação Otorrinolaringologia|by-nc-nd/4.0
Brazil|International braz j urol|int j urol|Int. braz j urol.|ibju|1677-5538|1677-5538|1677-6119|Sociedade Brasileira de Urologia|by/4.0
Brazil|JISTEM - Journal of Information Systems and Technology Management||JISTEM J.Inf.Syst. Technol. Manag.|jistm|1807-1775|1809-2640|1807-1775|TECSI Laboratório de Tecnologia e Sistemas de Informação - FEA/USP|by/4.0
Brazil|Jornal Brasileiro de Nefrologia|J Bras Nefrol|J. Bras. Nefrol.|jbn|0101-2800|0101-2800|2175-8239|Sociedade Brasileira de Nefrologia|by/4.0
Brazil|Jornal Brasileiro de Patologia e Medicina Laboratorial||J. Bras. Patol. Med. Lab.|jbpml|1676-2444|1676-2444|1678-4774|Sociedade Brasileira de Patologia Clínica; Sociedade Brasileira de Patologia; Sociedade Brasileira de Citopatologia|by/4.0
Brazil|Jornal Brasileiro de Pneumologia|J Bras Pneumol|J. bras. pneumol.|jbpneu|1806-3713|1806-3713|1806-3756|Sociedade Brasileira de Pneumologia e Tisiologia|by-nc/4.0
Brazil|Jornal Brasileiro de Psiquiatria|J Bras Psiquiatr|J. bras. psiquiatr.|jbpsiq|0047-2085|0047-2085|1982-0208|Instituto de Psiquiatria da Universidade Federal do Rio de Janeiro|by/4.0
Brazil|Jornal da Sociedade Brasileira de Fonoaudiologia||J. Soc. Bras. Fonoaudiol.|jsbf|2179-6491||2179-6491|Sociedade Brasileira de Fonoaudiologia|by-nc/4.0
Brazil|Jornal de Pediatria|J Pediatr (Rio J)|J. Pediatr. (Rio J.)|jped|0021-7557|0021-7557|1678-4782|Sociedade Brasileira de Pediatria|by-nc-nd/4.0
Brazil|Jornal de Pneumologia||J. Pneumologia|jpneu|0102-3586|0102-3586|1678-4642|Sociedade Brasileira de Pneumologia e Tisiologia|by-nc/4.0
Brazil|Jornal Vascular Brasileiro||J. vasc. bras.|jvb|1677-5449|1677-5449|1677-7301|Sociedade Brasileira de Angiologia e de Cirurgia Vascular (SBACV)|by/4.0
Brazil|Journal of Applied Oral Science|J Appl Oral Sci|J. Appl. Oral Sci.|jaos|1678-7757|1678-7757|1678-7765|Faculdade De Odontologia De Bauru - USP|by/4.0
Brazil|Journal of Coloproctology (Rio de Janeiro)||J. Coloproctol. (Rio J.)|jcol|2237-9363|2237-9363|2317-6423|Sociedade Brasileira de Coloproctologia|by-nc-nd/4.0
Brazil|Journal of Epilepsy and Clinical Neurophysiology||J. epilepsy clin. neurophysiol.|jecn|1676-2649|1676-2649|1980-5365|Liga Brasileira de Epilepsia (LBE)|by-nc/4.0
Brazil|Journal of Microwaves, Optoelectronics and Electromagnetic Applications||J. Microw. Optoelectron. Electromagn. Appl.|jmoea|2179-1074||2179-1074|Sociedade Brasileira de Microondas e Optoeletrônica e Sociedade Brasileira de Eletromagnetismo|by/4.0
Brazil|Journal of Seed Science||J. Seed Sci.|jss|2317-1537|2317-1537|2317-1545|ABRATES - Associação Brasileira de Tecnologia de Sementes|by/4.0
Brazil|Journal of the Brazilian Chemical Society||J. Braz. Chem. Soc.|jbchs|0103-5053|0103-5053|1678-4790|Sociedade Brasileira de Química|by/4.0
Brazil|Journal of the Brazilian Computer Society||J. Braz. Comp. Soc.|jbcos|0104-6500|0104-6500|1678-4804|Sociedade Brasileira de Computação|by-nc/4.0
Brazil|Journal of the Brazilian Society of Mechanical Sciences||J. Braz. Soc. Mech. Sci.|jbsms|0100-7386|0100-7386||The Brazilian Society of Mechanical Sciences|by-nc/4.0
Brazil|Journal of the Brazilian Society of Mechanical Sciences and Engineering||J. Braz. Soc. Mech. Sci. & Eng.|jbsmse|1678-5878|1678-5878|1806-3691|Associação Brasileira de Engenharia e Ciências Mecânicas - ABCM|by-nc/4.0
Brazil|Journal of Transport Literature||J. Transp. Lit.|jtl|2238-1031||2238-1031|Sociedade Brasileira de Planejamento dos Transportes|by/4.0
Brazil|Journal of Venomous Animals and Toxins||J. Venom. Anim. Toxins|jvat|0104-7930|0104-7930|1678-4936|Centro de Estudos de Venenos e Animais Peçonhentos - CEVAP, Universidade Estadual Paulista - UNESP|by-nc/4.0
Brazil|Journal of Venomous Animals and Toxins including Tropical Diseases|J Venom Anim Toxins Incl Trop Dis|J. Venom. Anim. Toxins incl. Trop. Dis|jvatitd|1678-9199||1678-9199|Centro de Estudos de Venenos e Animais Peçonhentos - CEVAP, Universidade Estadual Paulista - UNESP|by/4.0
Brazil|Kriterion: Revista de Filosofia||Kriterion|kr|0100-512X|0100-512X|1981-5336|Faculdade de Filosofia e Ciências Humanas da UFMG|by/4.0
Brazil|Latin American Journal of Solids and Structures||Lat. Am. j. solids struct.|lajss|1679-7825|1679-7817|1679-7825|Associação Brasileira de Ciências Mecânicas|by/4.0
Brazil|Linguagem em (Dis)curso||Ling. (dis)curso|ld|1518-7632|1518-7632|1982-4017|Universidade do Sul de Santa Catarina|by/4.0
Brazil|Lua Nova: Revista de Cultura e Política||Lua Nova|ln|0102-6445|0102-6445|1807-0175|CEDEC|by/4.0
Brazil|Machado de Assis em Linha||Machado Assis Linha|mael|1983-6821||1983-6821|Universidade de São Paulo - Faculdade de Filosofia, Letras e Ciências Humanas|by/4.0
Brazil|Mana||Mana|mana|0104-9313|0104-9313|1678-4944|Programa de Pós-Graduação em Antropologia Social - PPGAS-Museu Nacional, da Universidade Federal do Rio de Janeiro - UFRJ|by/4.0
Brazil|Manuscrito||Manuscrito|man|0100-6045|0100-6045|2317-630X|UNICAMP - Universidade Estadual de Campinas, Centro de Lógica, Epistemologia e História da Ciência|by/4.0
Brazil|Materials Research||Mat. Res.|mr|1516-1439|1516-1439|1980-5373|ABM, ABC, ABPol|by/4.0
Brazil|Matéria (Rio de Janeiro)||Matéria (Rio J.)|rmat|1517-7076||1517-7076|Rede Latino-Americana de Materiais|by/4.0
Brazil|MedicalExpress||MedicalExpress (São Paulo, online)|medical|2358-0429|2318-8111|2358-0429|Mavera Edições Técnicas e Científicas Ltda|by-nc/4.0
Brazil|Memórias do Instituto Oswaldo Cruz|Mem Inst Oswaldo Cruz|Mem. Inst. Oswaldo Cruz|mioc|0074-0276|0074-0276|1678-8060|Instituto Oswaldo Cruz, Ministério da Saúde|by/4.0
Brazil|Mercator (Fortaleza)||Mercator (Fortaleza)|mercator|1984-2201|1676-8329|1984-2201|Universidade Federal do Ceará|by/4.0
Brazil|Motriz: Revista de Educação Física||Motriz: rev. educ. fis.|motriz|1980-6574|1415-9805|1980-6574|Universidade Estadual Paulista|by/4.0
Brazil|Nauplius||Nauplius|nau|0104-6497|0104-6497|2358-2936|Sociedade Brasileira de Carcinologia|by/4.0
Brazil|Neotropical Entomology||Neotrop. entomol.|ne|1519-566X|1519-566X|1678-8052|Sociedade Entomológica do Brasil|by-nc/4.0
Brazil|Neotropical Ichthyology||Neotrop. ichthyol.|ni|1679-6225|1679-6225|1982-0224|Sociedade Brasileira de Ictiologia|by/4.0
Brazil|Nova Economia||Nova econ.|neco|0103-6351|0103-6351|1980-5381|Nova Economia|by/4.0
Brazil|Novos Estudos - CEBRAP||Novos estud. - CEBRAP|nec|0101-3300|0101-3300|1980-5403|Centro Brasileiro de Análise e Planejamento|by-nc/4.0
Brazil|Opinião Pública||Opin. Publica|op|0104-6276|0104-6276|1807-0191| Centro de Estudos de Opiniao Publica da Universidade Estadual de Campinas|by/4.0
Brazil|Organizações & Sociedade||Organ. Soc.|osoc|1984-9230|1413-585X|1984-9230|Escola de Administração da Universidade Federal da Bahia|by/4.0
Brazil|Paidéia (Ribeirão Preto)||Paidéia (Ribeirão Preto)|paideia|0103-863X|0103-863X|1982-4327|Universidade de São Paulo, Faculdade de Filosofia Ciências e Letras de Ribeirão Preto|by-nc/4.0
Brazil|Pandaemonium Germanicum||Pandaemonium ger.|pg|1982-8837|1414-1906|1982-8837|Universidade de São Paulo/Faculdade de Filosofia, Letras e Ciências Humanas/; Programa de Pós-Graduação em Língua e Literatura Alemã|by-nc/4.0
Brazil|Papéis Avulsos de Zoologia (São Paulo)||Pap. Avulsos Zool. (São Paulo)|paz|0031-1049|0031-1049|1807-0205|Museu de Zoologia da Universidade de São Paulo|by/4.0
Brazil|Per Musi||Per musi|pm|1517-7599|1517-7599|2317-6377|Escola de Música da UFMG|by/4.0
Brazil|Perspectivas em Ciência da Informação||Perspect. ciênc. inf.|pci|1413-9936|1413-9936|1981-5344|Escola de Ciência da Informação da UFMG|by/4.0
Brazil|Pesquisa Agropecuária Brasileira||Pesq. agropec. bras.|pab|0100-204X|0100-204X|1678-3921|Embrapa Informação Tecnológica; Pesquisa Agropecuária Brasileira|by/4.0
Brazil|Pesquisa Agropecuária Tropical||Pesqui. Agropecu. Trop.|pat|1983-4063|1517-6398|1983-4063|Escola de Agronomia e Engenharia de Alimentos/UFG|by/4.0
Brazil|Pesquisa Odontológica Brasileira|Pesqui Odontol Bras.|Pesqui. Odontol. Bras.|pob|1517-7491|1517-7491||Sociedade Brasileira de Pesquisa Odontológica e Faculdade de Odontologia da Universidade de São Paulo|by-nc/4.0
Brazil|Pesquisa Operacional||Pesqui. Oper.|pope|0101-7438|0101-7438|1678-5142|Sociedade Brasileira de Pesquisa Operacional|by/4.0
Brazil|Pesquisa Veterinária Brasileira||Pesq. Vet. Bras.|pvb|0100-736X|0100-736X|1678-5150|Colégio Brasileiro de Patologia Animal - CBPA. Empresa Brasileira de Pesquisa Agropecuária (EMBRAPA)|by-nc/4.0
Brazil|Physis: Revista de Saúde Coletiva|Physis|Physis|physis|0103-7331|0103-7331|1809-4481|IMS-UERJ|by/4.0
Brazil|Planta Daninha||Planta daninha|pd|0100-8358|0100-8358|1806-9681|Sociedade Brasileira da Ciência das Plantas Daninhas|by/4.0
Brazil|Polímeros||Polímeros|po|0104-1428|0104-1428|1678-5169|Associação Brasileira de Polímeros|by/4.0
Brazil|Pro-Posições||Pro-Posições|pp|0103-7307|0103-7307|1980-6248|UNICAMP - Faculdade de Educação|by/4.0
Brazil|Production||Prod.|prod|0103-6513|0103-6513|1980-5411|Associação Brasileira de Engenharia de Produção|by/4.0
Brazil|Pró-Fono Revista de Atualização Científica||Pró-Fono R. Atual. Cient.|pfono|0104-5687|0104-5687||Pró-Fono Produtos Especializados para Fonoaudiologia Ltda.|by-nc/4.0
Brazil|Psico-USF||Psico-USF|pusf|1413-8271|1413-8271|2175-3563|Universidade de São Francisco, Programa de Pós-Graduação Stricto Sensu em Psicologia|by/4.0
Brazil|Psicologia & Sociedade||Psicol. Soc.|psoc|0102-7182|0102-7182|1807-0310|Associação Brasileira de Psicologia Social|by/4.0
Brazil|Psicologia Clínica||Psicol. clin.|pc|0103-5665|0103-5665|1980-5438|Departamento de Psicologia da Pontifícia Universidade Católica do Rio de Janeiro|by-nc/4.0
Brazil|Psicologia em Estudo||Psicol. estud.|pe|1413-7372|1413-7372|1807-0329|Departamento de Psicologia - Universidade Estadual de Maringá|by-nc/4.0
Brazil|Psicologia Escolar e Educacional||Psicol. Esc. Educ.|pee|1413-8557|1413-8557|2175-3539|Associação Brasileira de Psicologia Escolar e Educacional (ABRAPEE)|by/4.0
Brazil|Psicologia USP||Psicol. USP|pusp|0103-6564|0103-6564|1678-5177|Instituto de Psicologia da Universidade de São Paulo|by-nc-nd/4.0
Brazil|Psicologia: Ciência e Profissão||Psicol. cienc. prof.|pcp|1414-9893|1414-9893|1982-3703|Conselho Federal de Psicologia|by/4.0
Brazil|Psicologia: Reflexão e Crítica||Psicol. Reflex. Crit.|prc|0102-7972|0102-7972|1678-7153|Curso de Pós-Graduação em Psicologia da Universidade Federal do Rio Grande do Sul|by/4.0
Brazil|Psicologia: Teoria e Pesquisa||Psic.: Teor. e Pesq.|ptp|0102-3772|0102-3772|1806-3446|Instituto de Psicologia, Universidade de Brasília|by/4.0
Brazil|Psychology & Neuroscience||Psychol. Neurosci.|pn|1983-3288|1984-3054|1983-3288|Pontificia Universidade Católica do Rio de Janeiro; Universidade de Brasília; Universidade de São Paulo|by/4.0
Brazil|Química Nova||Quím. Nova|qn|0100-4042|0100-4042|1678-7064|Sociedade Brasileira de Química|by-nc/4.0
Brazil|Radiologia Brasileira|Radiol Bras.|Radiol Bras|rb|0100-3984|0100-3984|1678-7099|Colégio Brasileiro de Radiologia e Diagnóstico por Imagem|by/4.0
Brazil|RAE eletrônica||RAE electron.|raeel|1676-5648||1676-5648|Fundação Getulio Vargas/Escola de Administração de Empresas de São Paulo|by-nc/4.0
Brazil|RAM. Revista de Administração Mackenzie||RAM, Rev. Adm. Mackenzie|ram|1678-6971|1518-6776|1678-6971|Universidade Presbiteriana Mackenzie|by/4.0
Brazil|REAd. Revista Eletrônica de Administração (Porto Alegre)||REAd. Rev. eletrôn. adm. (Porto Alegre)|read|1413-2311|1980-4164|1413-2311|Escola de Administração da UFRGS|by-nc/4.0
Brazil|Religião & Sociedade||Relig. soc.|rs|0100-8587|0100-8587|1984-0438|Instituto de Estudos da Religião|by-nc/4.0
Brazil|Rem: Revista Escola de Minas||Rem: Rev. Esc. Minas|rem|0370-4467|0370-4467|1807-0353|Escola de Minas|by/4.0
Brazil|REMHU : Revista Interdisciplinar da Mobilidade Humana||REMHU, Rev. Interdiscip. Mobil. Hum.|remhu|1980-8585|1980-8585|2237-9843|Centro Scalabriniano de Estudos Migratórios|by/4.0
Brazil|Research on Biomedical Engineering||Res. Biomed. Eng.|reng|2446-4740|2446-4732|2446-4740|Sociedade Brasileira de Engenharia Biomédica|by/4.0
Brazil|Revista Ambiente & Água||Rev. Ambient. Água|ambiagua|1980-993X||1980-993X|Instituto de Pesquisas Ambientais em Bacias Hidrográficas|by/4.0
Brazil|Revista Bioética||Rev. Bioét.|bioet|1983-8042|1983-8042|1983-8034|Conselho Federal de Medicina|by/4.0
Brazil|Revista Brasileira de Anestesiologia|Rev Bras Anestesiol|Rev. Bras. Anestesiol.|rba|0034-7094|0034-7094|1806-907X|Sociedade Brasileira de Anestesiologia|by-nc-nd/4.0
Brazil|Revista Brasileira de Biologia|Rev Bras Biol|Rev. Bras. Biol.|rbbio|0034-7108|0034-7108||Instituto Internacional de Ecologia|by-nc/4.0
Brazil|Revista Brasileira de Cardiologia Invasiva||Rev. Bras. Cardiol. Invasiva|rbci|2179-8397|0104-1843|2179-8397|Sociedade Brasileira de Hemodinâmica e Cardiologia Intervencionista - SBHCI|by-nc-nd/4.0
Brazil|Revista Brasileira de Cineantropometria & Desempenho Humano||Rev. bras. cineantropom. desempenho hum.|rbcdh|1980-0037|1415-8426|1980-0037|Universidade Federal de Santa Catarina|by/4.0
Brazil|Revista Brasileira de Cirurgia Plástica||Rev. Bras. Cir. Plást.|rbcp|1983-5175|1983-5175||Sociedade Brasileira de Cirurgia Plástica|by-nc/4.0
Brazil|Revista Brasileira de Ciência Avícola||Rev. Bras. Cienc. Avic.|rbca|1516-635X|1516-635X|1806-9061|Fundação APINCO de Ciência e Tecnologia Avícolas|by/4.0
Brazil|Revista Brasileira de Ciência do Solo||Rev. Bras. Ciênc. Solo|rbcs|0100-0683|0100-0683|1806-9657|Sociedade Brasileira de Ciência do Solo|by/4.0
Brazil|Revista Brasileira de Ciência Política||Rev. Bras. Ciênc. Polít.|rbcpol|0103-3352|0103-3352|2178-4884|Universidade de Brasília. Instituto de Ciência Política|by-nc/4.0
Brazil|Revista Brasileira de Ciências do Esporte||Rev. Bras. Ciênc. Esporte|rbce|0101-3289|0101-3289|2179-3255|Colégio Brasileiro de Ciências do Esporte|by-nc-nd/4.0
Brazil|Revista Brasileira de Ciências Farmacêuticas||Rev. Bras. Cienc. Farm.|rbcf|1516-9332|1516-9332||Divisão de Biblioteca e Documentação do Conjunto das Químicas da Universidade de São Paulo|by-nc/4.0
Brazil|Revista Brasileira de Ciências Sociais||Rev. bras. Ci. Soc.|rbcsoc|0102-6909|0102-6909|1806-9053|Associação Nacional de Pós-Graduação e Pesquisa em Ciências Sociais - ANPOCS|by/4.0
Brazil|Revista Brasileira de Coloproctologia||Rev bras. colo-proctol.|rbc|0101-9880|0101-9880||Cidade Editora Científica Ltda|by-nc/4.0
Brazil|Revista Brasileira de Economia||Rev. Bras. Econ.|rbe|0034-7140|0034-7140|1806-9134|Fundação Getúlio Vargas|by/4.0
Brazil|Revista Brasileira de Educação||Rev. Bras. Educ.|rbedu|1413-2478|1413-2478|1809-449X|ANPEd - Associação Nacional de Pós-Graduação e Pesquisa em Educação|by/4.0
Brazil|Revista Brasileira de Educação Especial||Rev. bras. educ. espec.|rbee|1413-6538|1413-6538|1980-5470|Associação Brasileira de Pesquisadores em Educação Especial - ABPEE|by/4.0
Brazil|Revista Brasileira de Educação Física e Esporte||Rev. bras. educ. fís. esporte|rbefe|1807-5509|1807-5509|1981-4690|Escola de Educação Física e Esporte da Universidade de São Paulo|by/4.0
Brazil|Revista Brasileira de Educação Médica||Rev. bras. educ. med.|rbem|0100-5502|0100-5502|1981-5271|Associação Brasileira de Educação Médica|by/4.0
Brazil|Revista Brasileira de Enfermagem|Rev Bras Enferm|Rev. Bras. Enferm.|reben|0034-7167|0034-7167|1984-0446|Associação Brasileira de Enfermagem|by/4.0
Brazil|Revista Brasileira de Engenharia Agrícola e Ambiental||Rev. bras. eng. agríc. ambient.|rbeaa|1415-4366|1415-4366|1807-1929|Departamento de Engenharia Agrícola  - UFCG|by/4.0
Brazil|Revista Brasileira de Engenharia Biomédica||Rev. Bras. Eng. Bioméd.|rbeb|1517-3151|1517-3151||SBEB - Sociedade Brasileira de Engenharia Biomédica|by-nc/4.0
Brazil|Revista Brasileira de Ensino de Física||Rev. Bras. Ensino Fís.|rbef|1806-1117|1806-1117|1806-9126|Sociedade Brasileira de Física|by/4.0
Brazil|Revista Brasileira de Entomologia||Rev. Bras. entomol.|rbent|0085-5626|0085-5626|1806-9665|Sociedade Brasileira De Entomologia|by-nc-nd/4.0
Brazil|Revista Brasileira de Epidemiologia|Rev Bras Epidemiol|Rev. bras. epidemiol.|rbepid|1415-790X|1415-790X|1980-5497|Associação Brasileira de Saúde Coletiva|by/4.0
Brazil|Revista Brasileira de Estudos da Presença||Rev. Bras. Estud. Presença|rbep|2237-2660||2237-2660|Universidade Federal do Rio Grande do Sul|by/4.0
Brazil|Revista Brasileira de Estudos de População||Rev. bras. estud. popul.|rbepop|0102-3098|0102-3098||Associação Brasileira de Estudos Populacionais|by/4.0
Brazil|Revista Brasileira de Estudos Pedagógicos||Rev. Bras. Estud. Pedagog.|rbeped|2176-6681|0034-7183|2176-6681|Instituto Nacional de Estudos e Pesquisas Educacionais Anísio Teixeira|by-nc/4.0
Brazil|Revista Brasileira de Farmacognosia||Rev. bras. farmacogn.|rbfar|0102-695X|0102-695X|1981-528X|Sociedade Brasileira de Farmacognosia|by-nc-nd/4.0
Brazil|Revista Brasileira de Fisiologia Vegetal||Rev. Bras. Fisiol. Veg.|rbfv|0103-3131|0103-3131||Sociedade Brasileira de Fisiologia Vegetal|by-nc/4.0
Brazil|Revista Brasileira de Fruticultura||Rev. Bras. Frutic.|rbf|0100-2945|0100-2945|1806-9967|Sociedade Brasileira de Fruticultura|by/4.0
Brazil|Revista Brasileira de Geofísica||Rev. Bras. Geof.|rbg|0102-261X|0102-261X||Sociedade Brasileira de Geofísica|by-nc/4.0
Brazil|Revista Brasileira de Geriatria e Gerontologia||Rev. bras. geriatr. gerontol.|rbgg|1809-9823|1809-9823|1981-2256|Universidade do Estado do Rio Janeiro|by/4.0
Brazil|Revista Brasileira de Ginecologia e Obstetrícia||Rev. Bras. Ginecol. Obstet.|rbgo|0100-7203|0100-7203|1806-9339|Federação Brasileira das Sociedades de Ginecologia e Obstetrícia|by/4.0
Brazil|Revista Brasileira de Hematologia e Hemoterapia|Rev Bras Hematol Hemoter|Rev. Bras. Hematol. Hemoter.|rbhh|1516-8484|1516-8484|1806-0870|Associação Brasileira de Hematologia e Hemoterapia e Terapia Celular|by-nc-nd/4.0
Brazil|Revista Brasileira de História||Rev. Bras. Hist.|rbh|0102-0188|0102-0188|1806-9347|Associação Nacional de História - ANPUH|by/4.0
Brazil|Revista Brasileira de Linguística Aplicada||Rev. bras. linguist. apl.|rbla|1984-6398|1676-0786|1984-6398|Faculdade de Letras - Universidade Federal de Minas Gerais|by/4.0
Brazil|Revista Brasileira de Medicina do Esporte||Rev Bras Med Esporte|rbme|1517-8692|1517-8692|1806-9940|Sociedade Brasileira de Medicina do Exercício e do Esporte|by/4.0
Brazil|Revista Brasileira de Meteorologia||Rev. bras. meteorol.|rbmet|0102-7786|0102-7786|1982-4351|Sociedade Brasileira de Meteorologia|by/4.0
Brazil|Revista Brasileira de Oceanografia||Rev. Bras. Oceanogr.|rboce|1413-7739|1413-7739||Instituto Oceanográfico da Universidade de São Paulo|by-nc/4.0
Brazil|Revista Brasileira de Oftalmologia||Rev. bras.oftalmol.|rbof|0034-7280|0034-7280|1982-8551|Sociedade Brasileira de Oftalmologia|by/4.0
Brazil|Revista Brasileira de Ortopedia||Rev. bras. ortop.|rbort|0102-3616|0102-3616|1982-4378|Sociedade Brasileira de Ortopedia e Traumatologia|by-nc-nd/4.0
Brazil|Revista Brasileira de Otorrinolaringologia||Rev. Bras. Otorrinolaringol.|rboto|0034-7299|0034-7299||ABORL-CCF Associação Brasileira de Otorrinolaringologia e Cirurgia Cérvico-Facial|by-nc/4.0
Brazil|Revista Brasileira de Parasitologia Veterinária|Rev Bras Parasitol Vet|Rev. Bras. Parasitol. Vet.|rbpv|1984-2961|0103-846X|1984-2961|Colégio Brasileiro de Parasitologia Veterinária|by/4.0
Brazil|Revista Brasileira de Plantas Medicinais||Rev. bras. plantas med.|rbpm|1516-0572|1516-0572|1983-084X|Sociedade Brasileira de Plantas Medicinais|by/4.0
Brazil|Revista Brasileira de Política Internacional||Rev. bras. polít. int.|rbpi|0034-7329|0034-7329|1983-3121|Instituto Brasileiro de Relações Internacionais|by/4.0
Brazil|Revista Brasileira de Psiquiatria|Rev Bras Psiquiatr|Rev. Bras. Psiquiatr.|rbp|1516-4446|1516-4446|1809-452X|Associação Brasileira de Psiquiatria - ABP|by-nc/4.0
Brazil|Revista Brasileira de Reumatologia|Rev Bras Reumatol|Rev. Bras. Reumatol.|rbr|0482-5004|0482-5004|1809-4570|Sociedade Brasileira de Reumatologia|by-nc-nd/4.0
Brazil|Revista Brasileira de Saúde e Produção Animal||Rev. bras. saúde prod. anim.|rbspa|1519-9940||1519-9940|UFBA - Universidade Federal da Bahia|by/4.0
Brazil|Revista Brasileira de Saúde Materno Infantil||Rev. Bras. Saude Mater. Infant.|rbsmi|1519-3829|1519-3829|1806-9304|Instituto de Medicina Integral Prof. Fernando Figueira|by/4.0
Brazil|Revista Brasileira de Saúde Ocupacional||Rev. bras. saúde ocup.|rbso|0303-7657|0303-7657|2317-6369|Fundação Jorge Duprat Figueiredo de Segurança e Medicina do Trabalho - FUNDACENTRO|by/4.0
Brazil|Revista Brasileira de Sementes||Rev. bras. sementes|rbs|0101-3122|0101-3122||Associação Brasileira de Tecnologia de Sementes|by-nc/4.0
Brazil|Revista Brasileira de Terapia Intensiva|Rev Bras Ter Intensiva|Rev. bras. ter. intensiva|rbti|0103-507X|0103-507X|1982-4335|Associação de Medicina Intensiva Brasileira - AMIB|by/4.0
Brazil|Revista Brasileira de Zoologia||Rev. Bras. Zool.|rbzool|0101-8175|0101-8175||Sociedade Brasileira de Zoologia|by-nc/4.0
Brazil|Revista Brasileira de Zootecnia||R. Bras. Zootec.|rbz|1516-3598|1516-3598|1806-9290|Sociedade Brasileira de Zootecnia|by/4.0
Brazil|Revista Caatinga||Rev. Caatinga|rcaat|1983-2125|0100-316X|1983-2125|Universidade Federal Rural do Semi-Árido|by/4.0
Brazil|Revista CEFAC||Rev. CEFAC|rcefac|1516-1846|1516-1846|1982-0216|CEFAC Saúde e Educação|by/4.0
Brazil|Revista Ceres||Rev. Ceres|rceres|0034-737X|0034-737X|2177-3491|Universidade Federal de Viçosa|by/4.0
Brazil|Revista Ciência Agronômica||Rev. Ciênc. Agron.|rca|1806-6690|0045-6888|1806-6690|Universidade Federal do Ceará|by/4.0
Brazil|Revista Contabilidade & Finanças||Rev. contab. finanç.|rcf|1519-7077|1519-7077|1808-057X|Universidade de São Paulo, Faculdade de Economia, Administração e Contabilidade, Departamento de Contabilidade e Atuária|by/4.0
Brazil|Revista da Associação Médica Brasileira|Rev Assoc Med Bras|Rev. Assoc. Med. Bras.|ramb|0104-4230|0104-4230|1806-9282|Associação Médica Brasileira|by-nc/4.0
Brazil|Revista da Educação Física / UEM||Rev. educ. fis. UEM|refuem|1983-3083|0103-3948|1983-3083|Universidade Estadual de Maringá|by/4.0
Brazil|Revista da Escola de Enfermagem da USP|Rev Esc Enferm USP|Rev. esc. enferm. USP|reeusp|0080-6234|0080-6234|1980-220X|Universidade de São Paulo, Escola de Enfermagem|by/4.0
Brazil|Revista da Faculdade de Educação||Rev. Fac. Educ.|rfe|0102-2555|0102-2555||Faculdade de Educação da Universidade de São Paulo|by-nc/4.0
Brazil|Revista da Sociedade Brasileira de Fonoaudiologia||Rev. soc. bras. fonoaudiol.|rsbf|1516-8034|1516-8034|1982-0232|Sociedade Brasileira de Fonoaudiologia|by-nc/4.0
Brazil|Revista da Sociedade Brasileira de Medicina Tropical|Rev Soc Bras Med Trop|Rev. Soc. Bras. Med. Trop.|rsbmt|0037-8682|0037-8682|1678-9849|Sociedade Brasileira de Medicina Tropical - SBMT|by/4.0
Brazil|Revista de Administração (São Paulo)||Rev. Adm. (São Paulo)|rausp|0080-2107|0080-2107|1984-6142|Departamento de Administração da Faculdade de Economia, Administração e Contabilidade da Universidade de São Paulo|by/4.0
Brazil|Revista de Administração Contemporânea||Rev. adm. contemp.|rac|1415-6555|1415-6555|1982-7849|Associação Nacional dos Programas de Pós-graduação em Administração|by/4.0
Brazil|Revista de Administração de Empresas||Rev. adm. empres.|rae|0034-7590|0034-7590|2178-938X|Fundação Getulio Vargas, Escola de Administração de  Empresas de S.Paulo|by/4.0
Brazil|Revista de Administração Pública||Rev. Adm. Pública|rap|0034-7612|0034-7612||Fundação Getulio Vargas|by/4.0
Brazil|Revista de Antropologia||Rev. Antropol.|ra|0034-7701|0034-7701||Departamento de Antropologia, Faculdade de Filosofia, Letras e Ciências Humanas, Universidade de São Paulo - FFLCH/USP|by-nc/4.0
Brazil|Revista de Economia Contemporânea||Rev. econ. contemp.|rec|1415-9848|1415-9848|1980-5527|Instituto de Economa da Universidade Federal do Rio de Janeiro|by/4.0
Brazil|Revista de Economia e Sociologia Rural||Rev. Econ. Sociol. Rural|resr|0103-2003|0103-2003|1806-9479|Sociedade Brasileira de Economia e Sociologia Rural|by/4.0
Brazil|Revista de Economia Política||Rev. Econ. Polit.|rep|0101-3157|0101-3157|1809-4538|Editora 34|by/4.0
Brazil|Revista de História (São Paulo)||Rev. Hist. (São Paulo)|rh|0034-8309|0034-8309|2316-9141|Universidade de São Paulo, Faculdade de Filosofia, Letras e Ciências Humanas, Departamento de História|by-nc/4.0
Brazil|Revista de Microbiologia||Rev. Microbiol.|rm|0001-3714|0001-3714||Sociedade Brasileira de Microbiologia|by-nc/4.0
Brazil|Revista de Nutrição||Rev. Nutr.|rn|1415-5273|1415-5273|1678-9865|Pontifícia Universidade Católica de Campinas|by/4.0
Brazil|Revista de Odontologia da UNESP|Rev Odontol UNESP|Rev. odontol. UNESP|rounesp|1807-2577|0101-1774|1807-2577|Universidade Estadual Paulista Júlio de Mesquita Filho|by/4.0
Brazil|Revista de Odontologia da Universidade de São Paulo||Rev Odontol Univ São Paulo|rousp|0103-0663|0103-0663||Universidade de São Paulo|by-nc/4.0
Brazil|Revista de Psiquiatria do Rio Grande do Sul||Rev. psiquiatr. Rio Gd. Sul|rprs|0101-8108|0101-8108||Sociedade de Psiquiatria do Rio Grande do Sul|by-nc/4.0
Brazil|Revista de Saúde Pública|Rev Saude Publica|Rev. Saúde Pública|rsp|0034-8910|0034-8910|1518-8787|Faculdade de Saúde Pública da Universidade de São Paulo|by/4.0
Brazil|Revista de Sociologia e Política||Rev. Sociol. Polit.|rsocp|0104-4478|0104-4478|1678-9873|Universidade Federal do Paraná|by-nc/4.0
Brazil|Revista Dental Press de Ortodontia e Ortopedia Facial||Rev. Dent. Press Ortodon. Ortop. Facial|dpress|1415-5419|1415-5419|1980-5500|Dental Press Editora|by-nc/4.0
Brazil|Revista Direito GV||Rev. direito GV|rdgv|1808-2432|1808-2432|2317-6172|Fundação Getulio Vargas, Escola de Direito de São Paulo|by-nc/4.0
Brazil|Revista do Colégio Brasileiro de Cirurgiões|Rev Col Bras Cir|Rev. Col. Bras. Cir.|rcbc|0100-6991|0100-6991|1809-4546|Colégio Brasileiro de Cirurgiões|by/4.0
Brazil|Revista do Departamento de Psicologia. UFF||Rev. Dep. Psicol.,UFF|rdpsi|0104-8023|0104-8023||Universidade Federal Fluminense, Departamento de Psicologia|by-nc/4.0
Brazil|Revista do Hospital das Clínicas|Rev. Hosp. Clin. Fac. Med. Univ. São Paulo|Rev. Hosp. Clin.|rhc|0041-8781|0041-8781|1678-9903|Faculdade de Medicina / Universidade de São Paulo - FM/USP|by-nc/4.0
Brazil|Revista do Instituto de Estudos Brasileiros||Rev. Inst. Estud. Bras.|rieb|0020-3874|0020-3874|2316-901X|Instituto de Estudos Brasileiros|by-nc/4.0
Brazil|Revista do Instituto de Medicina Tropical de São Paulo|Rev Inst Med Trop Sao Paulo|Rev. Inst. Med. trop. S. Paulo|rimtsp|0036-4665|0036-4665|1678-9946|Instituto de Medicina Tropical|by-nc/4.0
Brazil|Revista Dor||Rev. dor|rdor|1806-0013|1806-0013|2317-6393|Sociedade Brasileira para o Estudo da Dor|by/4.0
Brazil|Revista Estudos Feministas||Rev. Estud. Fem.|ref|0104-026X|0104-026X|1805-9584|Centro de Filosofia e Ciências Humanas e Centro de Comunicação e Expressão da Universidade Federal de Santa Catarina|by/4.0
Brazil|Revista Gaúcha de Enfermagem|Rev Gaucha Enferm.|Rev. Gaúcha Enferm.|rgenf|1983-1447||1983-1447|Universidade Federal do Rio Grande do Sul. Escola de Enfermagem|by-nc/4.0
Brazil|Revista IBRACON de Estruturas e Materiais||Rev. IBRACON Estrut. Mater.|riem|1983-4195||1983-4195|IBRACON - Instituto Brasileiro do Concreto|by/4.0
Brazil|Revista Katálysis||Rev. katálysis|rk|1414-4980|1414-4980|1982-0259|Programa de Pós-Graduação em Serviço Social e Curso de Graduação em Serviço Social da Universidade Federal de Santa Catarina|by/4.0
Brazil|Revista Latino-Americana de Enfermagem|Rev Lat Am Enfermagem|Rev. Latino-Am. Enfermagem|rlae|0104-1169|0104-1169|1518-8345|Escola de Enfermagem de Ribeirão Preto / Universidade de São Paulo|by/4.0
Brazil|Revista Latinoamericana de Psicopatologia Fundamental||Rev. latinoam. psicopatol. fundam.|rlpf|1415-4714|1415-4714|1984-0381|Associação Universitária de Pesquisa em Psicopatologia Fundamental|by-nc/4.0
Brazil|Revista Odonto Ciência||Rev. odonto ciênc.|roc|1980-6523||1980-6523|Pontifícia Universidade Católica do Rio Grande do Sul|by-nc/4.0
Brazil|Revista Paulista de Pediatria|Rev Paul Pediatr|Rev. paul. pediatr.|rpp|0103-0582|0103-0582|1984-0462|Sociedade de Pediatria de São Paulo|by/4.0
Brazil|Revista Árvore||Rev. Árvore|rarv|0100-6762|0100-6762|1806-9088|Sociedade de Investigações Florestais|by/4.0
Brazil|RGO - Revista Gaúcha de Odontologia||RGO, Rev. Gaúch. Odontol.|rgo|1981-8637|1981-8637|1981-8637|Faculdade São Leopoldo Mandic|by/4.0
Brazil|Rodriguésia||Rodriguésia|rod|2175-7860|0370-6583|2175-7860|Instituto de Pesquisas Jardim Botânico do Rio de Janeiro|by/4.0
Brazil|Sao Paulo Medical Journal|Sao Paulo Med J|Sao Paulo Med. J.|spmj|1516-3180|1516-3180|1806-9460|Associação Paulista de Medicina - APM|by/4.0
Brazil|Saúde e Sociedade||Saude soc.|sausoc|0104-1290|0104-1290|1984-0470|Faculdade de Saúde Pública, Universidade de São Paulo. Associação Paulista de Saúde Pública.|by/4.0
Brazil|Saúde em Debate||Saúde debate|sdeb|0103-1104|0103-1104|2358-2898|Centro Brasileiro de Estudos de Saúde|by/4.0
Brazil|Sba: Controle & Automação Sociedade Brasileira de Automatica||Sba Controle & Automação|ca|0103-1759|0103-1759||Sociedade Brasileira de Automática|by-nc/4.0
Brazil|Scientia Agricola||Sci. agric. (Piracicaba, Braz.)|sa|0103-9016|0103-9016|1678-992X|São Paulo - Escola Superior de Agricultura "Luiz de Queiroz"|by/4.0
Brazil|Scientiae Studia||Sci. stud.|ss|1678-3166|1678-3166|2316-8994|Universidade de São Paulo, Departamento de Filosofia|by/4.0
Brazil|Sequência (Florianópolis)||Sequência (Florianópolis)|seq|2177-7055|0101-9562|2177-7055|Programa de Pós-Graduação em Direito da Universidade Federal de Santa Catarina|by/4.0
Brazil|Serviço Social & Sociedade||Serv. Soc. Soc.|sssoc|0101-6628|0101-6628|2317-6318|Cortez Editora Ltda|by-nc/4.0
Brazil|Sexualidad, Salud y Sociedad (Rio de Janeiro)||Sex., Salud Soc. (Rio J.)|sess|1984-6487||1984-6487|Centro Latino-Americano em Sexualidade e Direitos Humanos (CLAM/IMS/UERJ)|by/4.0
Brazil|Sociedade & Natureza||Soc. nat.|sn|1982-4513||1982-4513|Universidade Federal de Uberlândia, Instituto de Geografia, Programa de Pós-Graduação em Geografia|by/4.0
Brazil|Sociedade e Estado||Soc. estado.|se|0102-6992|0102-6992||Departamento de Sociologia da Universidade de Brasília|by-nc/4.0
Brazil|Sociologias||Sociologias|soc|1517-4522|1517-4522|1807-0337|Programa de Pós-Graduação em Sociologia - UFRGS|by/4.0
Brazil|Soldagem & Inspeção||Soldag. insp.|si|0104-9224|0104-9224|1980-6973|Associação Brasileira de Soldagem|by-nc/4.0
Brazil|Summa Phytopathologica||Summa phytopathol.|sp|0100-5405|0100-5405||Grupo Paulista de Fitopatologia|by/4.0
Brazil|Sur. Revista Internacional de Direitos Humanos||Sur, Rev. int. direitos human.|sur|1806-6445|1806-6445|1983-3342|Sur - Rede Universitária de Direitos Humanos|by-nc/4.0
Brazil|São Paulo em Perspectiva||São Paulo Perspec.|spp|0102-8839|0102-8839|1806-9452|Fundação SEADE|by-nc/4.0
Brazil|TEMA (São Carlos)||TEMA (São Carlos)|tema|2179-8451|1677-1966|2179-8451|Sociedade Brasileira de Matemática Aplicada e Computacional|by/4.0
Brazil|Tempo||Tempo|tem|1413-7704|1413-7704||EdUFF - Editora da UFF|by-nc/4.0
Brazil|Tempo Social||Tempo soc.|ts|0103-2070|0103-2070|1809-4554|Departamento de Sociologia da Faculdade de Filosofia, Letras e Ciências Humanas da Universidade de São Paulo|by-nc/4.0
Brazil|Texto & Contexto - Enfermagem||Texto contexto - enferm.|tce|0104-0707|0104-0707|1980-265X|Universidade Federal de Santa Catarina, Programa de  Pós Graduação em Enfermagem|by/4.0
Brazil|Theoretical and Experimental Plant Physiology||Theor. Exp. Plant Physiol.|txpp|2197-0025||2197-0025|Sociedade Brasileira de Fisiologia Vegetal|by-nc/4.0
Brazil|Topoi (Rio de Janeiro)||Topoi (Rio J.)|topoi|2237-101X|1518-3319|2237-101X|Programa de Pós-Graduação em História Social da Universidade Federal do Rio de Janeiro|by/4.0
Brazil|Trabalho, Educação e Saúde||Trab. educ. saúde|tes|1981-7746|1678-1007|1981-7746|Fundação Oswaldo Cruz, Escola Politécnica de Saúde Joaquim Venâncio|by/4.0
Brazil|Trabalhos em Linguística Aplicada||Trab. linguist. apl.|tla|0103-1813|0103-1813|2175-764X|UNICAMP. Programa de Pós-Graduação em Linguística Aplicada do Instituto de Estudos da Linguagem (IEL)|by/4.0
Brazil|Trans/Form/Ação||Trans/Form/Ação|trans|0101-3173|0101-3173|1980-539X|Universidade Estadual Paulista, Departamento de Filosofia|by/4.0
Brazil|Transinformação||Transinformação|tinf|0103-3786|0103-3786|2318-0889|Pontifícia Universidade Católica de Campinas|by-nc/4.0
Brazil|Trends in Psychiatry and Psychotherapy||Trends Psychiatry Psychother.|trends|2237-6089|2237-6089|2238-0019|Associação de Psiquiatria do Rio Grande do Sul|by/4.0
Brazil|Tropical Plant Pathology||Trop. plant pathol.|tpp|1982-5676|1982-5676|1983-2052|Sociedade Brasileira de Fitopatologia|by-nc/4.0
Brazil|urbe. Revista Brasileira de Gestão Urbana||urbe, Rev. Bras. Gest. Urbana|urbe|2175-3369||2175-3369|Pontifícia Universidade Católica do Paraná|by/4.0
Brazil|Varia Historia||Varia hist.|vh|0104-8775|0104-8775|1982-4343|Pós-Graduação em História, Faculdade de Filosofia e Ciências Humanas, Universidade Federal de Minas Gerais|by/4.0
Brazil|Vibrant: Virtual Brazilian Anthropology||Vibrant, Virtual Braz. Anthr.|vb|1809-4341||1809-4341|Associação Brasileira de Antropologia (ABA)|by/4.0
Brazil|Zoologia (Curitiba)||Zoologia (Curitiba)|zool|1984-4670|1984-4670|1984-4689|Sociedade Brasileira de Zoologia|by/4.0
Brazil|Ágora: Estudos em Teoria Psicanalítica||Ágora (Rio J.)|agora|1516-1498|1516-1498|1809-4414|Programa de Pós-graduação em Teoria Psicanalítica do Instituto de Psicologia da Universidade Federal do Rio de Janeiro - UFRJ|by/4.0